1stFlrSF,2ndFlrSF,BedroomAbvGr,BsmtExposure,BsmtFinSF1,BsmtFinType1,BsmtUnfSF,EnclosedPorch,GarageArea,GarageFinish,GarageYrBlt,GrLivArea,KitchenQual,LotArea,LotFrontage,MasVnrArea,OpenPorchSF,OverallCond,OverallQual,TotalBsmtSF,WoodDeckSF,YearBuilt,YearRemodAdd,SalePrice
864,0.0,3.0,No,432,ALQ,432,0.0,0,none,1980.0,864,TA,10500,70.0,0.0,0,5,4,864,0.0,1971,1971,115000
864,0.0,3.0,No,398,ALQ,317,0.0,720,RFn,1980.0,864,Gd,7200,60.0,0.0,0,8,5,864,0.0,1950,2002,129000
840,828.0,3.0,No,0,none,840,0.0,500,RFn,2003.0,1668,Gd,11317,72.0,101.0,68,5,7,840,0.0,2003,2003,180000
990,1611.0,4.0,No,0,Unf,612,0.0,621,RFn,1998.0,2601,TA,9842,51.0,0.0,0,6,5,612,0.0,1921,1998,189000
1496,636.0,1.0,Gd,1441,GLQ,55,0.0,612,Fin,1983.0,2132,Gd,12327,79.0,0.0,40,8,8,1496,349.0,1983,2009,316600
796,0.0,2.0,No,0,Unf,796,0.0,0,none,1980.0,796,TA,3636,40.0,0.0,0,4,4,796,0.0,1922,1950,55000
1251,0.0,3.0,No,553,none,698,0.0,461,none,1964.0,1251,TA,8800,80.0,425.0,116,6,6,1251,0.0,1964,1964,160000
742,742.0,3.0,No,0,Unf,742,0.0,0,none,1980.0,1484,TA,6300,35.0,0.0,291,6,6,742,0.0,1914,2001,128000
1130,0.0,2.0,No,821,none,299,0.0,720,Unf,1970.0,1130,TA,10800,60.0,0.0,0,6,5,1120,0.0,1920,1950,120000
833,0.0,3.0,No,625,none,208,0.0,0,none,1980.0,833,TA,8780,69.5,0.0,0,5,5,833,0.0,1985,1985,112000
798,0.0,3.0,No,94,LwQ,641,0.0,220,Unf,1949.0,1487,TA,8741,52.0,0.0,140,4,6,735,0.0,1945,1950,113000
840,840.0,3.0,No,0,Unf,840,0.0,308,none,1960.0,1680,TA,15576,63.0,0.0,0,7,6,840,0.0,1915,1976,177000
1636,971.0,3.0,No,152,Rec,977,0.0,0,none,1980.0,3086,Ex,18030,138.0,0.0,0,6,5,1598,0.0,1946,1994,200500
1108,989.0,3.0,Av,975,GLQ,133,0.0,583,RFn,1998.0,2097,Gd,9750,75.0,0.0,170,6,7,1108,0.0,1998,1998,274300
1713,0.0,3.0,Av,1088,GLQ,625,0.0,856,Fin,2004.0,1713,Ex,9591,76.0,262.0,26,5,8,1713,0.0,2004,2005,274900
1052,0.0,3.0,Av,504,none,506,0.0,440,Unf,1971.0,1052,TA,8816,80.0,80.0,0,7,6,1010,0.0,1971,1971,155000
902,0.0,2.0,Av,301,BLQ,239,0.0,484,Unf,1983.0,902,TA,8885,69.5,0.0,0,5,5,864,0.0,1983,1983,131000
893,0.0,2.0,No,220,ALQ,625,0.0,576,Unf,1985.0,893,Gd,9600,60.0,0.0,0,7,5,845,0.0,1949,2003,135000
925,550.0,4.0,No,548,ALQ,36,0.0,336,RFn,1977.0,1475,TA,2665,41.0,0.0,26,6,5,757,0.0,1977,1977,127000
1142,0.0,3.0,No,874,ALQ,268,0.0,528,Fin,1976.0,1142,TA,4224,44.0,0.0,90,5,5,1142,0.0,1976,1976,134000
892,0.0,3.0,No,432,BLQ,460,0.0,288,RFn,1967.0,892,TA,7150,65.0,60.0,0,5,5,892,0.0,1967,1967,100000
1440,1440.0,8.0,No,256,LwQ,1184,0.0,0,none,1980.0,3395,Fa,10896,60.0,0.0,110,7,6,1440,0.0,1914,1995,200000
1468,795.0,3.0,No,795,ALQ,0,0.0,539,Fin,1977.0,2263,Gd,16659,69.5,34.0,250,7,7,795,0.0,1977,1994,235000
907,0.0,3.0,No,288,Rec,619,0.0,352,Unf,1964.0,907,TA,8593,77.0,0.0,0,6,4,907,0.0,1957,1957,109008
1304,983.0,3.0,No,603,BLQ,701,0.0,667,Fin,1953.0,2287,TA,15593,81.0,0.0,21,4,7,1304,0.0,1953,1953,225000
789,0.0,2.0,No,0,Unf,768,0.0,200,Unf,1926.0,789,TA,10594,55.0,0.0,0,5,5,768,0.0,1926,1950,96500
998,764.0,4.0,No,0,Unf,596,0.0,576,Unf,1989.0,1762,Gd,7200,60.0,0.0,0,7,7,596,0.0,1920,1950,157000
894,0.0,3.0,No,552,none,342,0.0,400,Unf,1999.0,894,TA,9450,68.0,0.0,0,5,4,894,0.0,1954,1954,110000
918,765.0,3.0,No,226,LwQ,192,0.0,440,RFn,1978.0,1683,TA,11184,70.0,92.0,0,5,6,918,0.0,1978,1978,172500
912,336.0,2.0,No,324,LwQ,588,0.0,160,Unf,1957.0,1248,TA,9439,52.0,0.0,0,5,5,912,0.0,1930,1950,87000
1010,1257.0,4.0,No,0,Unf,1010,0.0,390,RFn,2002.0,2267,Gd,8068,69.5,0.0,46,5,6,1010,0.0,2002,2002,200000
864,0.0,2.0,No,0,Unf,864,0.0,0,none,1980.0,864,TA,4060,56.0,0.0,96,8,5,864,0.0,1922,1950,99900
1063,0.0,3.0,No,354,Rec,412,0.0,280,RFn,1954.0,1063,TA,9920,80.0,110.0,0,5,5,1056,0.0,1954,1954,128000
818,406.0,3.0,No,468,Rec,350,0.0,210,Unf,1926.0,1224,TA,3950,69.5,0.0,0,8,6,818,0.0,1926,2004,115000
1226,0.0,3.0,No,0,Unf,1226,0.0,740,RFn,2009.0,1226,Gd,10402,94.0,0.0,36,5,7,1226,0.0,2009,2009,198900
900,0.0,3.0,No,450,BLQ,432,0.0,280,Unf,1970.0,900,TA,9819,69.5,31.0,0,5,5,882,0.0,1967,1967,122000
831,829.0,3.0,No,0,Unf,831,0.0,493,RFn,2002.0,1660,Gd,8935,68.0,95.0,68,5,7,831,0.0,2002,2002,195000
1148,0.0,2.0,Mn,210,LwQ,219,0.0,308,Unf,1952.0,1148,TA,6420,57.0,0.0,0,7,5,980,0.0,1952,1952,123500
1032,0.0,3.0,Av,605,ALQ,427,0.0,564,Unf,1978.0,1032,TA,10395,69.5,233.0,0,6,6,1032,0.0,1978,1978,148000
990,0.0,3.0,No,495,GLQ,495,0.0,299,Unf,1996.0,990,TA,8775,65.0,0.0,64,5,5,990,0.0,1994,1994,126000
1428,0.0,3.0,No,0,none,1417,0.0,554,RFn,2008.0,1428,Ex,12274,91.0,256.0,60,5,7,1417,0.0,2008,2008,227680
581,530.0,3.0,No,0,Unf,530,0.0,288,Unf,1935.0,1111,Fa,7200,60.0,0.0,0,7,5,530,0.0,1920,1996,101000
1284,885.0,3.0,No,0,none,1284,0.0,647,RFn,2002.0,2169,Gd,9375,69.5,149.0,87,5,8,1284,0.0,2002,2002,228500
1161,808.0,3.0,No,0,Unf,808,0.0,534,RFn,1977.0,1969,TA,11952,92.0,0.0,0,6,7,808,0.0,1977,1977,190000
1145,0.0,4.0,Av,655,GLQ,490,0.0,836,RFn,2000.0,2198,Gd,14260,84.0,350.0,84,5,8,1145,0.0,2000,2000,250000
1152,0.0,3.0,Av,1014,GLQ,138,0.0,484,RFn,1964.0,1152,TA,14112,69.5,86.0,0,7,5,1152,0.0,1964,1964,180500
1134,924.0,3.0,No,319,Rec,416,0.0,396,Unf,1950.0,2058,TA,9600,60.0,0.0,0,5,6,735,0.0,1917,1950,129500
1008,0.0,4.0,No,0,Unf,1008,138.0,0,none,1980.0,1522,TA,6000,60.0,0.0,0,5,5,1008,0.0,1926,1950,102000
971,0.0,3.0,Gd,523,none,448,0.0,300,Unf,1969.0,971,TA,9920,69.0,0.0,0,6,5,971,0.0,1969,1969,128500
1128,445.0,3.0,No,0,Unf,1078,0.0,360,Unf,1930.0,1573,TA,6240,52.0,0.0,0,7,5,1078,0.0,1930,1992,162900
1624,0.0,2.0,No,1456,GLQ,168,0.0,757,RFn,1994.0,1624,Gd,12461,89.0,0.0,114,5,8,1624,0.0,1994,1995,262000
483,504.0,2.0,No,330,BLQ,153,0.0,264,Unf,1973.0,987,TA,1680,21.0,158.0,0,5,6,483,0.0,1973,1973,100000
1800,0.0,6.0,No,0,Unf,1800,0.0,0,none,1980.0,1800,TA,8000,80.0,0.0,0,4,5,1800,0.0,1961,1961,141000
1265,0.0,3.0,Gd,633,ALQ,586,0.0,502,RFn,1965.0,1265,Gd,9350,85.0,0.0,92,8,5,1219,0.0,1965,1999,179900
1048,0.0,3.0,No,580,BLQ,333,0.0,288,Unf,1962.0,1558,TA,10930,60.0,0.0,0,6,5,913,0.0,1945,1950,140000
969,0.0,3.0,Av,716,BLQ,253,0.0,440,Unf,1975.0,969,TA,10356,120.0,0.0,0,6,5,969,0.0,1975,1975,122000
1212,0.0,3.0,No,0,Unf,1212,0.0,573,RFn,2001.0,1212,Gd,9100,70.0,0.0,0,5,7,1212,0.0,2001,2001,178000
894,0.0,3.0,No,894,ALQ,0,0.0,552,Unf,1975.0,894,TA,9800,70.0,0.0,0,7,5,894,0.0,1972,1972,149900
698,560.0,2.0,Mn,204,Rec,356,0.0,280,Unf,1939.0,1258,TA,9060,60.0,0.0,0,5,6,560,0.0,1939,1950,105000
1288,0.0,1.0,No,786,GLQ,474,0.0,500,Fin,1996.0,1288,Ex,14963,38.0,0.0,30,5,8,1260,0.0,1996,1996,245500
794,676.0,3.0,Av,182,GLQ,612,0.0,388,Fin,1997.0,1470,TA,13869,69.5,0.0,75,6,6,794,0.0,1997,1997,177000
1050,0.0,2.0,No,504,Rec,546,0.0,338,Unf,1956.0,1050,TA,9600,80.0,0.0,0,6,5,1050,0.0,1956,1956,128900
1225,0.0,3.0,No,569,ALQ,381,0.0,0,none,1980.0,1225,TA,9320,77.0,0.0,0,5,4,950,0.0,1959,1959,128950
2223,0.0,3.0,Gd,1880,ALQ,343,0.0,516,Fin,1973.0,2223,TA,13651,95.0,1115.0,0,6,7,2223,300.0,1973,1973,244000
1065,0.0,3.0,No,0,Unf,1065,0.0,461,Unf,1974.0,1065,TA,8892,80.0,66.0,0,5,5,1065,0.0,1960,1960,126500
901,900.0,3.0,No,0,Unf,893,0.0,800,none,2005.0,1801,Gd,10463,72.0,0.0,116,5,8,893,0.0,2005,2005,239900
1022,1032.0,3.0,No,695,GLQ,297,0.0,390,RFn,2000.0,2054,Gd,12224,69.5,40.0,48,5,6,992,0.0,2000,2000,244000
1301,1116.0,4.0,No,0,Unf,1288,0.0,462,Unf,1991.0,2417,Gd,16059,121.0,284.0,82,5,8,1288,127.0,1991,1992,260000
1360,1360.0,3.0,No,1036,none,140,0.0,795,Unf,1918.0,3112,Gd,25419,174.0,0.0,16,4,8,1360,0.0,1918,1990,235000
796,358.0,3.0,No,735,BLQ,61,0.0,240,Unf,1922.0,1154,Gd,5436,40.0,0.0,96,8,4,796,0.0,1922,2007,125500
773,885.0,3.0,No,219,GLQ,554,0.0,431,Fin,1995.0,1658,TA,8000,69.5,0.0,84,5,6,773,0.0,1995,1996,188000
929,929.0,5.0,No,0,Unf,755,0.0,0,none,1980.0,2229,TA,5520,92.0,0.0,198,6,6,755,0.0,1912,1950,104000
899,0.0,3.0,No,450,ALQ,414,0.0,288,Fin,1967.0,899,Gd,7800,65.0,89.0,0,7,5,864,0.0,1967,2004,130000
1428,0.0,3.0,No,0,Unf,1428,0.0,480,Fin,2007.0,1428,Gd,11639,95.0,0.0,120,5,7,1428,0.0,2007,2008,182000
894,0.0,3.0,No,762,ALQ,102,0.0,440,Unf,1974.0,894,TA,13350,100.0,0.0,0,5,5,864,0.0,1974,1974,142500
778,0.0,2.0,No,403,ALQ,212,0.0,924,none,1966.0,778,TA,6900,71.0,0.0,25,6,5,740,0.0,1940,1955,120500
1005,978.0,3.0,No,694,GLQ,284,0.0,490,Fin,1999.0,1983,Gd,10762,69.5,344.0,0,5,7,978,0.0,1999,1999,225000
1535,0.0,4.0,none,0,none,0,0.0,400,Unf,1979.0,1535,TA,7018,64.0,0.0,0,5,5,0,0.0,1979,1979,118858
1112,0.0,3.0,No,120,BLQ,736,0.0,271,Unf,1950.0,1668,TA,9600,80.0,0.0,0,8,6,856,0.0,1950,2005,140000
864,0.0,2.0,No,167,Rec,697,0.0,572,Unf,1957.0,864,TA,8172,60.0,0.0,0,7,5,864,0.0,1955,1990,115000
810,672.0,3.0,No,156,BLQ,516,0.0,400,Unf,1934.0,1482,Fa,12155,69.5,0.0,0,8,6,672,0.0,1925,1950,140000
970,739.0,3.0,No,0,Unf,970,0.0,380,Unf,2004.0,1709,Gd,2522,24.0,50.0,40,5,7,970,0.0,2004,2004,130000
612,612.0,2.0,Av,294,GLQ,318,0.0,528,RFn,2009.0,1224,Gd,3000,30.0,76.0,234,5,6,612,0.0,2009,2009,173733
816,0.0,2.0,No,816,none,0,0.0,816,Fin,1985.0,816,TA,6600,60.0,0.0,0,8,5,816,0.0,1982,2003,138000
1684,0.0,2.0,No,28,GLQ,1656,0.0,564,RFn,2005.0,1684,Ex,8849,63.0,616.0,72,5,9,1684,0.0,2005,2005,266000
684,512.0,3.0,Mn,0,Unf,684,0.0,528,Unf,2005.0,1196,Gd,12354,67.0,0.0,46,8,6,684,0.0,1920,2000,110000
1200,0.0,3.0,No,334,ALQ,322,0.0,521,RFn,1995.0,1200,Gd,11249,105.0,0.0,26,5,6,1200,0.0,1995,1995,177500
988,0.0,3.0,No,534,BLQ,246,0.0,276,Unf,1950.0,988,TA,7200,60.0,0.0,80,7,5,876,0.0,1950,1950,119000
4692,950.0,3.0,Gd,5644,GLQ,466,0.0,1418,Fin,2008.0,5642,Ex,63887,313.0,796.0,292,5,10,6110,0.0,2008,2008,160000
1118,0.0,3.0,Av,522,ALQ,574,0.0,358,Fin,1977.0,1118,TA,9880,76.0,0.0,0,6,6,1096,0.0,1977,1977,171000
2633,0.0,2.0,Gd,1282,GLQ,1351,0.0,804,RFn,2001.0,2633,Ex,11400,69.5,705.0,140,5,10,2633,0.0,2001,2002,466500
520,600.0,2.0,No,0,Unf,600,0.0,480,RFn,2005.0,1200,Gd,3180,30.0,0.0,166,5,7,600,0.0,2005,2005,151000
1145,0.0,2.0,No,16,GLQ,1129,0.0,397,Fin,2005.0,1145,Gd,3182,43.0,11.0,16,5,7,1145,0.0,2005,2006,160200
1973,0.0,3.0,Av,0,Unf,1935,0.0,895,Fin,2006.0,1973,Gd,14226,110.0,375.0,45,5,8,1935,0.0,2006,2006,395000
1567,0.0,2.0,Gd,1567,ALQ,0,0.0,714,RFn,1977.0,1567,Gd,9819,69.5,0.0,32,5,6,1567,0.0,1977,1977,196000
1136,1332.0,4.0,Av,970,GLQ,166,0.0,872,none,2004.0,2468,Gd,12099,99.0,388.0,154,5,8,1136,0.0,2004,2004,354000
1053,0.0,3.0,No,806,ALQ,247,0.0,312,RFn,1959.0,1053,Gd,10007,72.0,54.0,0,7,5,1053,0.0,1959,2006,145500
2110,0.0,3.0,No,1065,ALQ,1045,0.0,522,Fin,1968.0,2110,Ex,11160,93.0,0.0,0,5,7,2110,0.0,1968,1968,244000
1105,1169.0,5.0,No,443,Rec,662,0.0,480,none,1960.0,2274,TA,11600,80.0,361.0,0,5,5,1105,0.0,1960,1960,154300
1464,0.0,3.0,Av,444,ALQ,76,0.0,480,RFn,1997.0,1464,TA,12886,70.0,0.0,0,6,5,520,0.0,1963,1999,175000
1383,0.0,3.0,No,565,Rec,818,0.0,292,none,1960.0,1383,TA,11600,80.0,175.0,45,5,6,1383,0.0,1960,1960,145250
774,1194.0,4.0,No,0,none,774,0.0,680,Fin,2009.0,1968,Ex,12003,92.0,84.0,75,5,8,774,0.0,2009,2010,269500
1032,220.0,3.0,No,280,BLQ,752,0.0,288,Unf,1950.0,1252,TA,9600,80.0,0.0,0,5,6,1032,0.0,1950,1950,119000
1372,1274.0,3.0,Gd,987,GLQ,360,144.0,656,RFn,1993.0,2646,Gd,9900,90.0,256.0,60,5,7,1347,0.0,1993,1993,260000
1537,0.0,3.0,No,0,none,1319,0.0,462,RFn,1962.0,1537,Gd,8400,80.0,237.0,36,9,6,1319,0.0,1962,2005,174000
920,941.0,3.0,No,700,GLQ,216,0.0,492,RFn,2002.0,1861,Gd,13450,95.0,0.0,91,5,7,916,0.0,2002,2002,200000
551,551.0,2.0,No,239,GLQ,312,0.0,480,Unf,2004.0,1102,Gd,5105,69.5,0.0,60,5,7,551,0.0,2004,2004,148800
774,656.0,3.0,No,0,none,384,0.0,400,RFn,2000.0,1430,TA,9967,76.0,0.0,0,5,7,384,0.0,2000,2000,170000
1005,0.0,2.0,No,0,Unf,1005,0.0,672,Unf,1977.0,1005,Fa,10434,60.0,0.0,0,5,4,1005,0.0,1955,1955,115000
616,495.0,3.0,Mn,236,LwQ,0,0.0,200,Unf,1941.0,1111,TA,9084,60.0,0.0,0,6,5,616,0.0,1941,1950,95000
1328,653.0,4.0,No,622,BLQ,500,0.0,576,Unf,1981.0,1981,Gd,7804,65.0,0.0,44,3,4,1122,431.0,1928,1950,135000
1391,571.0,3.0,Mn,464,GLQ,927,0.0,868,RFn,2006.0,1962,Gd,8760,73.0,0.0,90,5,7,1391,0.0,2006,2006,239799
1241,0.0,1.0,No,1106,GLQ,135,0.0,569,none,2007.0,1241,Gd,4274,35.0,0.0,116,5,7,1241,0.0,2006,2007,199900
807,702.0,3.0,No,457,GLQ,326,0.0,393,Fin,2002.0,1509,Gd,7861,69.5,0.0,75,5,6,783,0.0,2002,2003,183200
1272,928.0,4.0,No,1084,ALQ,188,0.0,0,none,1980.0,2200,TA,8777,67.0,0.0,70,7,5,1272,0.0,1900,2003,145900
495,1427.0,4.0,none,0,none,0,0.0,672,RFn,2003.0,1922,Gd,7301,64.0,500.0,0,5,7,0,0.0,2003,2003,198500
950,208.0,3.0,No,0,Unf,862,0.0,208,RFn,1929.0,1158,TA,6000,50.0,0.0,0,7,6,862,0.0,1929,1950,120000
1375,0.0,2.0,No,0,Unf,1367,0.0,451,Unf,1954.0,1375,TA,11310,75.0,0.0,30,5,6,1367,0.0,1954,1954,140000
1504,0.0,1.0,No,16,GLQ,1330,0.0,457,Fin,2005.0,1504,Gd,3182,43.0,16.0,0,5,7,1346,0.0,2005,2006,181000
958,581.0,3.0,No,0,Unf,650,0.0,686,Unf,1983.0,1539,Gd,10440,60.0,0.0,78,8,5,650,0.0,1904,2002,157500
1664,0.0,4.0,none,0,none,0,0.0,0,none,1980.0,1664,TA,9825,75.0,0.0,0,5,5,0,0.0,1965,1965,100000
2042,0.0,3.0,No,0,none,2042,0.0,1390,RFn,2009.0,2042,Ex,12704,98.0,306.0,90,5,8,2042,0.0,2008,2009,253293
616,1072.0,4.0,Gd,462,GLQ,154,185.0,603,RFn,1997.0,1688,Gd,12798,79.0,0.0,114,5,6,616,0.0,1997,1997,200000
1381,0.0,3.0,No,982,ALQ,179,0.0,676,none,1972.0,1381,Gd,9360,78.0,0.0,0,7,6,1161,0.0,1972,2006,197500
1056,0.0,3.0,Mn,1056,Rec,0,0.0,572,Fin,1955.0,1056,TA,34650,100.0,0.0,0,5,5,1056,0.0,1955,1955,145000
802,709.0,3.0,Av,714,GLQ,88,0.0,413,Fin,1997.0,1511,TA,11207,70.0,0.0,75,5,6,802,0.0,1997,1997,185000
1080,1017.0,3.0,No,50,BLQ,499,0.0,678,none,1993.0,2097,Gd,11228,59.0,0.0,187,5,7,1080,0.0,1993,1993,228000
1121,0.0,3.0,No,651,Rec,470,0.0,480,Unf,1963.0,1121,TA,8816,80.0,0.0,80,6,5,1121,0.0,1963,1963,139000
1320,0.0,3.0,Av,328,LwQ,285,0.0,564,none,1966.0,1320,TA,11777,96.0,97.0,68,6,5,1164,0.0,1966,1966,164500
2028,0.0,2.0,Gd,1460,GLQ,408,0.0,880,RFn,2005.0,2028,Gd,11443,88.0,208.0,66,5,8,1868,0.0,2005,2006,369900
864,0.0,3.0,Av,390,ALQ,474,0.0,352,Unf,1989.0,864,TA,7180,60.0,0.0,0,7,5,864,0.0,1972,1972,127000
848,0.0,1.0,Gd,662,GLQ,186,0.0,420,Fin,2004.0,848,Gd,4438,69.5,169.0,0,5,6,848,0.0,2004,2004,144500
808,785.0,3.0,No,0,Unf,808,0.0,389,RFn,1993.0,1593,TA,9636,69.5,0.0,40,5,6,808,0.0,1992,1993,178000
483,504.0,2.0,No,0,Unf,483,0.0,288,Unf,1972.0,987,TA,1680,21.0,297.0,0,5,6,483,0.0,1972,1972,94500
1574,0.0,3.0,No,24,GLQ,1550,0.0,824,RFn,2006.0,1574,Gd,11957,75.0,53.0,104,5,8,1574,0.0,2006,2006,232000
576,533.0,3.0,Av,349,ALQ,23,0.0,288,Unf,1971.0,1109,TA,10500,70.0,82.0,0,7,5,372,0.0,1971,2005,139000
720,564.0,2.0,No,312,LwQ,408,0.0,240,Unf,1948.0,1284,TA,3500,50.0,0.0,35,7,5,720,0.0,1947,1950,110000
772,351.0,3.0,No,0,Unf,732,0.0,264,Unf,1979.0,1123,TA,6060,50.0,0.0,0,5,4,732,0.0,1939,1950,100000
943,933.0,4.0,No,442,ALQ,459,0.0,540,RFn,1974.0,1876,Gd,9120,76.0,270.0,69,6,6,901,0.0,1974,1974,185000
738,0.0,3.0,No,193,GLQ,545,0.0,540,Fin,2005.0,1476,Gd,8633,64.0,0.0,35,5,6,738,0.0,2005,2005,173500
764,0.0,2.0,No,0,Unf,680,0.0,504,Unf,1965.0,764,TA,5232,30.0,0.0,0,5,5,680,0.0,1925,2004,73000
783,701.0,3.0,No,0,none,783,0.0,393,Fin,2005.0,1484,Gd,10237,65.0,0.0,72,5,6,783,0.0,2005,2007,178900
1419,0.0,2.0,Av,945,none,474,0.0,567,RFn,2007.0,1419,Gd,8089,60.0,0.0,0,6,8,1419,0.0,2007,2007,392000
1143,1330.0,4.0,Av,0,Unf,1143,0.0,852,none,2004.0,2473,Gd,9591,76.0,344.0,151,5,8,1143,0.0,2004,2005,317000
1203,1323.0,4.0,No,740,GLQ,425,0.0,844,none,1994.0,2526,Gd,10120,92.0,391.0,78,5,8,1165,0.0,1994,1994,290000
1325,1093.0,3.0,Gd,1173,GLQ,138,0.0,983,RFn,1993.0,2418,Gd,10542,96.0,651.0,154,5,7,1311,0.0,1993,1994,341000
1320,1320.0,4.0,No,0,Unf,1240,0.0,864,Unf,1950.0,2640,Gd,11700,65.0,0.0,0,7,7,1240,0.0,1880,2003,265979
1324,0.0,2.0,No,863,GLQ,461,0.0,550,Fin,2006.0,1324,Gd,6240,48.0,176.0,38,5,8,1324,0.0,2006,2006,254000
789,0.0,2.0,No,104,ALQ,516,0.0,250,Unf,1948.0,789,TA,6000,50.0,0.0,0,5,5,789,0.0,1948,1950,115000
2113,0.0,2.0,Gd,1696,GLQ,413,0.0,839,Fin,1995.0,2113,Gd,10437,91.0,660.0,46,6,8,2109,0.0,1995,1995,350000
1079,840.0,3.0,Av,0,Unf,1079,0.0,685,RFn,2006.0,1919,Gd,15611,120.0,0.0,51,5,8,1079,0.0,2006,2006,233230
1319,0.0,3.0,No,428,BLQ,0,0.0,270,Unf,1953.0,1319,TA,10634,79.0,0.0,0,6,5,608,0.0,1953,1953,123000
1575,626.0,4.0,Av,0,none,697,0.0,432,Unf,1966.0,2201,Gd,19690,69.5,0.0,236,7,6,697,0.0,1966,1966,274970
838,0.0,2.0,Mn,210,Rec,0,0.0,275,Fin,1961.0,838,Fa,10267,55.0,0.0,0,7,6,816,0.0,1918,2000,130000
1215,0.0,3.0,No,585,Rec,630,0.0,297,Unf,1958.0,1215,TA,12400,66.0,176.0,0,7,6,1215,0.0,1958,1998,155000
1742,590.0,3.0,Av,1280,GLQ,402,0.0,846,Fin,2008.0,2332,Ex,12474,96.0,272.0,134,5,10,1682,0.0,2007,2008,426000
1717,0.0,3.0,Av,0,Unf,1709,0.0,908,RFn,2006.0,1717,Gd,11146,87.0,250.0,39,5,8,1709,0.0,2006,2006,255500
854,0.0,2.0,No,360,Rec,360,0.0,660,none,1991.0,1382,TA,12358,69.5,0.0,0,6,5,720,0.0,1941,1950,128500
624,720.0,4.0,No,0,Unf,624,0.0,513,Unf,1916.0,1344,TA,4571,34.0,0.0,0,5,5,624,0.0,1916,1950,98000
1728,0.0,6.0,No,231,LwQ,1497,0.0,576,Unf,1987.0,1728,TA,13101,74.0,108.0,0,5,5,1728,0.0,1965,1965,142600
1236,0.0,3.0,No,465,BLQ,447,0.0,288,Unf,1961.0,1236,TA,6993,65.0,0.0,0,7,5,912,0.0,1961,1994,135000
1500,0.0,3.0,Av,1070,GLQ,286,0.0,648,Fin,2006.0,1500,Gd,4045,53.0,45.0,20,5,7,1356,0.0,2006,2006,246578
1670,0.0,3.0,No,0,Unf,1670,0.0,690,RFn,2006.0,1670,Gd,14859,50.0,27.0,60,5,7,1670,0.0,2006,2006,240000
1040,0.0,3.0,No,616,Rec,424,0.0,0,none,1980.0,1040,TA,8430,60.0,136.0,0,5,5,1040,0.0,1978,1978,124000
1555,0.0,2.0,Av,16,GLQ,1357,0.0,430,Fin,2005.0,1555,Gd,3182,43.0,16.0,20,5,7,1373,0.0,2005,2006,192500
912,0.0,2.0,Av,773,GLQ,115,0.0,470,RFn,1978.0,912,TA,7540,69.5,0.0,0,6,6,888,0.0,1978,1978,156000
961,0.0,3.0,No,216,ALQ,540,0.0,642,Unf,1998.0,1717,Gd,9550,60.0,0.0,35,5,7,756,0.0,1915,1970,140000
1164,0.0,3.0,No,1040,ALQ,124,0.0,240,Unf,1950.0,1164,TA,10880,68.0,0.0,48,5,5,1164,0.0,1950,1950,125000
1656,0.0,4.0,No,0,Unf,1656,0.0,506,Unf,1973.0,1656,TA,9246,87.0,564.0,211,5,5,1656,0.0,1973,1973,135000
757,0.0,3.0,No,549,ALQ,195,0.0,440,Unf,1999.0,1501,TA,2280,24.0,360.0,0,5,7,744,0.0,1999,1999,179400
1580,886.0,4.0,No,0,Unf,1580,0.0,610,RFn,2004.0,2466,Gd,11143,102.0,0.0,214,5,8,1580,0.0,2004,2005,340000
1173,0.0,3.0,Gd,885,GLQ,0,0.0,528,RFn,1974.0,1173,Gd,10625,85.0,81.0,120,6,7,1053,0.0,1974,1974,170000
1800,0.0,2.0,No,0,Unf,1800,0.0,702,Fin,2007.0,1800,Ex,11923,122.0,0.0,136,5,9,1800,0.0,2007,2007,239000
1153,0.0,4.0,No,692,GLQ,153,0.0,484,RFn,1983.0,2353,Ex,13005,94.0,278.0,195,7,7,845,0.0,1980,1980,260000
1080,0.0,3.0,No,680,GLQ,400,0.0,0,none,1980.0,1080,Gd,7500,63.0,120.0,0,5,7,1080,0.0,2004,2005,141000
1314,0.0,3.0,No,24,GLQ,1290,0.0,440,RFn,2006.0,1314,Gd,9317,78.0,0.0,22,5,6,1314,0.0,2006,2006,176432
1232,0.0,3.0,No,660,BLQ,572,0.0,516,Unf,1984.0,1232,TA,11120,69.5,0.0,0,6,6,1232,0.0,1984,1984,162500
1041,0.0,3.0,No,991,ALQ,50,0.0,270,RFn,1959.0,1041,TA,9600,80.0,132.0,88,6,5,1041,0.0,1959,1959,124500
970,0.0,2.0,No,630,GLQ,340,0.0,624,Unf,1996.0,970,TA,8480,80.0,0.0,24,6,5,970,0.0,1963,1963,132500
810,855.0,3.0,No,643,GLQ,167,0.0,528,Fin,2001.0,1665,Gd,8400,70.0,0.0,45,6,8,810,0.0,2001,2001,227000
966,686.0,4.0,No,686,LwQ,0,0.0,416,Unf,1961.0,1652,TA,10800,60.0,0.0,0,6,5,686,0.0,1915,1950,139000
764,862.0,2.0,No,567,GLQ,197,0.0,474,RFn,2003.0,1626,Gd,2268,36.0,106.0,27,5,7,764,0.0,2003,2004,173000
1282,1414.0,4.0,Av,984,GLQ,280,0.0,792,none,2007.0,2696,Ex,9965,77.0,220.0,184,5,7,1264,0.0,2007,2007,383970
2020,0.0,4.0,none,0,none,0,0.0,630,Unf,1977.0,2020,TA,8400,60.0,320.0,0,5,5,0,0.0,1977,1977,144000
1337,0.0,2.0,No,1201,GLQ,36,0.0,405,Fin,1998.0,1337,TA,4500,32.0,443.0,199,5,6,1237,0.0,1998,1998,153500
1098,866.0,4.0,No,403,none,400,0.0,483,RFn,1976.0,1964,TA,10480,80.0,660.0,69,6,7,803,0.0,1976,1976,205000
1728,0.0,6.0,No,1332,Rec,396,0.0,504,Unf,1963.0,1728,TA,9100,70.0,336.0,0,5,5,1728,0.0,1963,1963,125000
1028,776.0,3.0,No,0,Unf,994,0.0,442,Fin,1999.0,1804,Gd,7500,60.0,0.0,60,5,7,994,0.0,1999,1999,189000
1507,0.0,4.0,No,666,ALQ,409,0.0,404,Unf,1960.0,1507,TA,7910,70.0,0.0,0,5,5,1075,0.0,1960,1960,127000
1095,0.0,2.0,Gd,513,ALQ,75,0.0,264,none,1958.0,1095,TA,10382,75.0,105.0,0,5,6,588,0.0,1958,1958,140000
1075,1063.0,2.0,No,0,Unf,849,0.0,360,Unf,1910.0,2138,TA,8100,90.0,0.0,156,5,5,849,0.0,1898,1965,106000
1476,677.0,3.0,Mn,904,GLQ,536,0.0,736,Fin,2000.0,2153,Ex,11050,69.5,204.0,142,5,9,1440,0.0,2000,2000,313000
984,620.0,3.0,No,408,none,156,0.0,660,Unf,1977.0,1604,TA,10998,60.0,0.0,68,5,5,984,0.0,1941,1960,117000
1120,850.0,3.0,Mn,0,Unf,1085,0.0,753,Fin,2006.0,1970,Ex,11065,86.0,788.0,74,5,8,1085,0.0,2006,2006,281000
1959,0.0,5.0,No,0,Unf,1907,0.0,766,Unf,1989.0,1959,TA,11070,82.0,70.0,0,5,7,1907,0.0,1988,1989,171000
1402,0.0,2.0,Av,0,Unf,1258,0.0,648,Fin,2006.0,1402,Gd,3922,53.0,72.0,16,5,7,1258,0.0,2006,2007,194201
1573,0.0,3.0,No,788,GLQ,785,0.0,544,RFn,2002.0,1573,Gd,9808,67.0,110.0,72,5,7,1573,0.0,2002,2002,227000
1088,871.0,3.0,Av,0,Unf,1088,0.0,1025,RFn,2006.0,1959,Gd,9000,75.0,0.0,46,5,8,1088,0.0,2006,2006,270000
952,0.0,2.0,Mn,852,ALQ,100,0.0,840,Unf,1988.0,952,TA,7350,60.0,0.0,0,7,5,952,0.0,1951,1951,139000
1301,0.0,2.0,No,0,Unf,1293,0.0,572,RFn,2006.0,1301,Gd,7200,60.0,0.0,121,5,7,1293,0.0,2006,2006,187750
728,728.0,3.0,Av,0,Unf,728,0.0,400,Fin,2007.0,1456,Gd,9018,65.0,0.0,24,5,7,728,0.0,2007,2007,179540
1262,0.0,3.0,Gd,978,ALQ,284,0.0,460,RFn,1976.0,1262,TA,9600,80.0,0.0,0,8,6,1262,0.0,1976,1976,181500
1699,748.0,4.0,No,0,Unf,804,42.0,336,Unf,1969.0,2447,Gd,9638,50.0,0.0,0,7,6,804,0.0,1919,1990,169000
949,272.0,4.0,No,392,BLQ,392,0.0,392,Unf,1965.0,1221,TA,9738,60.0,0.0,0,7,5,784,0.0,1924,1950,104900
1484,0.0,3.0,Av,428,GLQ,1048,0.0,472,RFn,2006.0,1484,Ex,9037,64.0,32.0,33,5,8,1476,0.0,2006,2006,265900
1734,0.0,3.0,No,1004,GLQ,730,0.0,928,none,2007.0,1734,Ex,12085,93.0,328.0,0,5,8,1734,0.0,2007,2007,318000
1788,0.0,3.0,Av,0,Unf,1753,0.0,522,RFn,2001.0,1788,Ex,11838,69.5,0.0,151,5,8,1753,0.0,2001,2001,236500
1136,768.0,3.0,No,180,Rec,676,0.0,240,Unf,1950.0,1904,TA,7200,60.0,0.0,0,4,5,1208,0.0,1950,1982,138000
1361,1259.0,4.0,No,498,GLQ,652,145.0,600,RFn,1977.0,2620,TA,18890,69.5,1.0,24,5,5,1361,0.0,1977,1977,190000
1228,0.0,2.0,Mn,767,GLQ,461,0.0,472,Fin,1988.0,1228,Gd,4671,40.0,0.0,120,5,8,1228,168.0,1988,1989,189000
960,0.0,3.0,No,0,Unf,672,0.0,288,Unf,1956.0,960,TA,8926,69.5,0.0,0,3,4,672,0.0,1956,1956,112000
988,517.0,3.0,No,399,Rec,484,0.0,240,none,1940.0,1505,TA,9144,69.5,0.0,0,5,5,883,0.0,1940,1982,145000
808,704.0,3.0,No,0,Unf,660,0.0,180,Unf,1916.0,1656,TA,10410,60.0,0.0,0,7,5,660,0.0,1916,1987,135000
612,612.0,3.0,Av,0,Unf,612,0.0,528,RFn,2009.0,1224,Gd,3951,40.0,76.0,234,5,6,612,0.0,2009,2009,164500
1466,0.0,3.0,No,176,none,1290,0.0,528,Fin,1959.0,1466,Fa,17755,134.0,132.0,140,4,5,1466,0.0,1959,1959,149900
1128,0.0,2.0,No,812,LwQ,124,0.0,286,Unf,1954.0,1128,TA,9000,75.0,0.0,0,5,5,936,0.0,1954,1954,118000
1836,0.0,3.0,No,24,GLQ,1836,0.0,484,Fin,2004.0,1836,Gd,9100,70.0,0.0,33,5,7,1860,0.0,2004,2005,216837
1694,0.0,3.0,Av,1369,GLQ,317,0.0,636,RFn,2004.0,1694,Gd,10084,75.0,186.0,57,5,8,1686,0.0,2004,2005,307000
1228,0.0,3.0,No,0,Unf,1228,0.0,271,Unf,1966.0,1228,Gd,8544,69.5,0.0,65,6,5,1228,0.0,1966,2006,149350
1247,0.0,1.0,No,1039,GLQ,208,0.0,550,Fin,2005.0,1247,Gd,3316,37.0,0.0,84,5,8,1247,0.0,2005,2005,197000
769,756.0,3.0,No,436,GLQ,320,0.0,440,Unf,2000.0,1525,Gd,2117,69.5,456.0,0,5,6,756,0.0,2000,2000,177000
1196,0.0,2.0,No,616,LwQ,580,0.0,297,RFn,1956.0,1196,TA,9000,72.0,74.0,44,5,6,1196,0.0,1956,1956,139000
792,348.0,3.0,No,0,Unf,576,0.0,0,none,1980.0,1140,TA,8800,55.0,0.0,160,7,4,576,0.0,1910,2004,96500
811,576.0,3.0,No,0,Unf,811,0.0,256,Unf,1954.0,1387,Gd,6000,50.0,0.0,0,4,5,811,0.0,1954,1954,93000
1269,0.0,3.0,No,374,BLQ,363,0.0,308,Unf,1964.0,1269,TA,7931,70.0,0.0,0,6,5,1269,0.0,1960,1960,155000
894,0.0,2.0,No,0,Unf,894,0.0,308,none,1962.0,894,TA,6600,60.0,0.0,0,5,5,894,0.0,1962,1962,109500
780,596.0,3.0,No,0,Unf,780,0.0,198,Unf,1937.0,1376,TA,8600,50.0,0.0,0,6,6,780,0.0,1937,1950,119500
847,1081.0,4.0,No,0,none,847,0.0,434,Fin,2003.0,1928,Gd,8200,65.0,0.0,48,5,7,847,0.0,2003,2004,219500
1217,0.0,3.0,Av,611,GLQ,577,0.0,497,Unf,1990.0,1217,Gd,9947,69.5,0.0,27,5,7,1188,0.0,1990,1991,173000
1436,0.0,3.0,Mn,946,GLQ,490,0.0,484,none,2004.0,1436,Gd,8450,65.0,266.0,98,5,7,1436,139.0,2004,2004,210000
1026,665.0,3.0,No,218,LwQ,808,0.0,308,Unf,1924.0,1691,Gd,5000,50.0,0.0,0,6,5,1026,0.0,1924,1950,127000
1516,651.0,3.0,Gd,125,LwQ,36,0.0,518,RFn,1974.0,2167,Gd,17542,69.5,0.0,47,7,7,1192,0.0,1974,2003,294000
1675,1818.0,3.0,No,0,Unf,1470,0.0,870,Unf,2003.0,3493,Gd,18386,87.0,0.0,0,9,7,1470,0.0,1880,2002,295000
1462,0.0,4.0,No,1170,GLQ,292,0.0,738,Fin,2004.0,2224,Ex,8834,74.0,216.0,0,5,9,1462,0.0,2004,2005,350000
1632,0.0,4.0,Av,0,Unf,1632,0.0,576,Unf,1967.0,1632,TA,25000,100.0,0.0,0,4,5,1632,0.0,1967,1967,143000
896,896.0,4.0,No,0,Unf,896,0.0,0,none,1980.0,1792,TA,9000,60.0,0.0,45,5,5,896,0.0,1974,1974,136000
902,918.0,4.0,Gd,454,ALQ,410,0.0,492,Unf,1965.0,1820,Gd,13700,69.5,288.0,84,6,7,864,0.0,1965,1988,201800
855,586.0,3.0,No,311,ALQ,544,0.0,440,Unf,1978.0,1441,TA,2289,24.0,0.0,0,6,6,855,0.0,1978,1978,148500
1856,0.0,1.0,Av,1445,GLQ,411,0.0,834,Fin,2010.0,1856,Ex,11394,88.0,350.0,0,2,9,1856,0.0,2010,2010,394432
672,728.0,3.0,No,209,ALQ,463,0.0,440,Fin,1978.0,1400,TA,7844,74.0,203.0,0,7,6,672,0.0,1978,1978,149500
1867,0.0,2.0,No,379,LwQ,470,0.0,303,Fin,1955.0,1867,TA,10708,69.5,0.0,0,5,5,1617,0.0,1955,1993,190000
1629,0.0,3.0,No,1124,GLQ,1603,0.0,880,none,2003.0,1629,Gd,10655,85.0,296.0,0,5,8,3206,0.0,2003,2004,284000
684,876.0,3.0,Av,0,Unf,684,0.0,400,Fin,2005.0,1560,Gd,11911,122.0,0.0,38,5,6,684,0.0,2005,2005,174000
1138,0.0,3.0,Av,507,GLQ,81,0.0,264,none,1958.0,1138,TA,10482,65.0,63.0,0,8,6,588,0.0,1958,1958,145000
1484,0.0,3.0,Av,998,ALQ,486,0.0,487,Unf,1971.0,1484,TA,12243,70.0,0.0,0,6,5,1484,0.0,1971,1971,175000
989,584.0,3.0,No,0,none,884,0.0,240,Unf,1935.0,1573,Gd,6120,51.0,0.0,0,7,4,884,0.0,1935,1995,133000
1224,0.0,2.0,Av,1086,GLQ,0,0.0,528,Unf,1979.0,1224,TA,7018,64.0,275.0,0,5,5,1086,0.0,1979,1979,153337
1113,0.0,3.0,No,607,ALQ,506,0.0,264,Unf,1950.0,1113,Gd,9600,80.0,0.0,80,7,5,1113,0.0,1950,2007,147000
864,0.0,3.0,No,646,ALQ,218,0.0,336,Unf,1978.0,864,TA,7000,69.5,90.0,0,8,5,864,0.0,1978,2005,136500
1055,1208.0,3.0,No,0,Unf,1055,0.0,905,Fin,2001.0,2263,Gd,9240,69.5,396.0,45,5,8,1055,0.0,2001,2002,287000
1118,912.0,4.0,No,156,LwQ,692,0.0,551,Fin,1976.0,2030,Gd,12046,69.5,298.0,224,6,6,848,0.0,1976,1976,195000
1088,780.0,4.0,No,381,ALQ,399,0.0,484,Unf,1976.0,1868,Gd,10304,69.5,44.0,96,7,5,780,0.0,1976,1976,197500
672,0.0,2.0,No,0,Unf,672,0.0,240,Unf,1940.0,672,TA,10200,60.0,0.0,0,8,5,672,0.0,1940,1997,108000
926,0.0,3.0,No,234,LwQ,0,0.0,484,Unf,1974.0,1316,TA,5500,50.0,0.0,0,7,5,926,0.0,1929,2001,130000
1364,0.0,2.0,Av,659,GLQ,705,0.0,484,RFn,2005.0,1364,Gd,7052,43.0,240.0,36,5,7,1364,0.0,2005,2005,185850
1054,0.0,3.0,Gd,763,GLQ,173,0.0,480,RFn,1963.0,1054,Gd,8800,80.0,156.0,0,7,6,936,0.0,1963,1963,137500
792,0.0,2.0,No,0,Unf,768,0.0,240,Unf,1924.0,792,Gd,9022,52.0,0.0,0,8,5,768,0.0,1924,2006,109500
1199,0.0,2.0,No,300,GLQ,899,0.0,530,RFn,1993.0,1199,Gd,7892,55.0,0.0,63,5,6,1199,0.0,1993,1993,153900
860,0.0,2.0,Av,672,ALQ,168,0.0,528,Unf,1996.0,860,TA,8740,74.0,0.0,0,6,5,840,0.0,1982,1982,137000
626,591.0,3.0,No,0,none,626,0.0,288,RFn,1980.0,1217,TA,10762,75.0,0.0,28,6,6,626,0.0,1980,1980,120000
1299,573.0,3.0,Av,990,GLQ,309,0.0,531,RFn,2001.0,1872,Ex,11885,69.5,108.0,122,5,8,1299,0.0,2001,2001,261500
1148,0.0,3.0,No,1148,BLQ,0,0.0,672,Unf,1959.0,1148,TA,7931,70.0,0.0,0,5,5,1148,0.0,1959,1959,132500
1022,1038.0,3.0,No,772,ALQ,220,0.0,390,RFn,1999.0,2060,Gd,8755,69.5,298.0,0,5,7,992,0.0,1999,1999,214000
698,0.0,2.0,No,0,Unf,698,0.0,0,none,1980.0,698,TA,9405,50.0,0.0,200,9,5,698,0.0,1947,2008,118000
825,0.0,2.0,No,180,LwQ,0,0.0,720,RFn,1963.0,825,TA,8235,49.0,0.0,50,7,5,825,0.0,1955,1995,125000
1113,0.0,3.0,No,751,BLQ,392,0.0,504,RFn,1987.0,1113,TA,7917,69.5,174.0,30,7,6,1143,0.0,1976,1976,148000
1576,978.0,3.0,No,0,none,718,0.0,704,Unf,1996.0,2554,TA,10800,60.0,0.0,48,8,7,718,0.0,1890,1998,159500
1006,769.0,3.0,No,513,ALQ,227,0.0,425,none,1993.0,1775,Gd,9317,75.0,137.0,72,5,7,740,0.0,1993,1993,213000
860,0.0,3.0,No,0,Unf,860,0.0,565,RFn,2004.0,1720,Gd,11645,89.0,0.0,70,5,7,860,0.0,2004,2004,196500
1444,700.0,4.0,Gd,697,Rec,747,0.0,389,Fin,1958.0,2144,Gd,159000,69.5,472.0,98,7,6,1444,0.0,1958,2006,277000
1600,0.0,2.0,Gd,1277,BLQ,207,0.0,319,RFn,1957.0,1600,TA,16321,47.0,0.0,258,6,5,1484,0.0,1957,1997,207500
1072,504.0,3.0,Gd,1309,GLQ,15,0.0,528,RFn,1923.0,1576,Gd,21384,144.0,0.0,312,6,5,1324,0.0,1923,2004,223500
1339,0.0,3.0,No,504,LwQ,525,0.0,294,Unf,1958.0,1339,TA,7560,70.0,0.0,0,6,5,1029,0.0,1958,1965,139000
1082,0.0,2.0,No,336,BLQ,746,0.0,240,Unf,1948.0,1082,TA,11664,60.0,206.0,130,5,6,1082,0.0,1948,1950,119200
864,0.0,2.0,No,203,Rec,661,0.0,200,Unf,1938.0,864,TA,8212,45.0,0.0,0,3,3,864,0.0,1914,1950,58500
672,546.0,3.0,No,317,BLQ,355,0.0,264,Unf,1972.0,1218,TA,1680,21.0,281.0,28,7,6,672,0.0,1972,1972,118000
1661,0.0,3.0,Av,831,BLQ,161,0.0,377,RFn,1955.0,1661,Gd,9600,80.0,0.0,28,6,6,992,0.0,1955,1996,165500
944,545.0,3.0,No,0,Unf,778,0.0,240,Unf,1940.0,1489,TA,9900,60.0,0.0,0,7,6,778,0.0,1940,1950,139500
1212,0.0,3.0,Mn,36,GLQ,1176,0.0,460,RFn,2009.0,1212,Gd,10420,83.0,0.0,22,5,6,1212,0.0,2009,2009,186000
630,0.0,1.0,Av,150,LwQ,0,0.0,0,none,1980.0,630,TA,1491,21.0,0.0,24,6,4,630,0.0,1972,1972,75500
1869,0.0,2.0,No,0,Unf,1869,0.0,617,RFn,2007.0,1869,Ex,7820,68.0,362.0,54,5,9,1869,0.0,2007,2007,318061
928,992.0,4.0,No,220,Rec,708,0.0,400,none,1948.0,1920,TA,11345,95.0,567.0,0,5,5,928,0.0,1948,1950,137000
1478,0.0,3.0,No,189,ALQ,628,0.0,442,RFn,1957.0,1478,TA,8400,70.0,0.0,0,3,6,1478,0.0,1957,1957,156500
816,0.0,3.0,No,0,Unf,816,0.0,528,Unf,1985.0,1176,TA,6240,52.0,0.0,0,6,6,816,0.0,1934,1950,114500
1779,0.0,3.0,Mn,306,ALQ,372,0.0,454,Unf,1955.0,1779,TA,17920,102.0,0.0,418,4,5,1763,0.0,1955,1974,170000
882,908.0,3.0,No,633,GLQ,240,0.0,588,RFn,1999.0,1790,Gd,9179,68.0,158.0,88,5,7,873,0.0,1999,1999,193000
1006,1040.0,3.0,No,866,GLQ,132,0.0,871,RFn,2003.0,2046,Gd,10625,85.0,292.0,62,5,7,998,0.0,2003,2004,284000
1426,1519.0,3.0,Gd,0,Unf,1410,0.0,641,Fin,2006.0,2945,Gd,13682,66.0,1031.0,0,5,10,1410,0.0,2006,2006,438780
833,833.0,3.0,No,0,Unf,588,0.0,228,Unf,1925.0,1666,Gd,5100,69.5,0.0,63,7,8,588,0.0,1925,1996,161000
736,716.0,2.0,No,0,Unf,736,0.0,0,none,1980.0,1452,TA,4456,33.0,0.0,0,5,4,736,0.0,1920,2008,113000
968,408.0,3.0,No,368,Rec,359,0.0,240,Unf,1941.0,1376,TA,9492,79.0,0.0,0,5,5,768,0.0,1941,1950,105000
884,0.0,2.0,Av,747,ALQ,0,0.0,504,RFn,1983.0,884,Gd,9180,69.5,0.0,0,7,5,840,240.0,1983,1983,144000
